Skin_Type,Product_Category,Product_Name,Brand,Website_Store
Acne,Cleanser,Clay Purifying Mask,Eucerin,www.tokopedia.com
Oily,Moisturizer,Oil-Free Cleanser,The Ordinary,www.jd.id
Dry,Toner,Brightening Serum,Bioderma,www.blibli.com
Oily,Toner,Clay Purifying Mask,Avene,www.orami.co.id
Acne,Cleanser,Hyaluronic Acid Gel,Laneige,www.sociolla.com
Oily,Cleanser,Charcoal Detox Mask,Eucerin,www.tokopedia.com
Oily,Moisturizer,Hyaluronic Acid Gel,Avene,www.lazada.co.id
Acne,Cleanser,Brightening Serum,Avene,www.orami.co.id
Dry,Exfoliator,Hydrating Cream,Laneige,www.sociolla.com
Oily,Sunscreen,Peeling Solution,The Ordinary,www.sociolla.com
Acne,Mask,Anti-Aging Serum,Avene,www.lazada.co.id
Acne,Cleanser,Broad Spectrum SPF 50,Eucerin,www.klikindomaret.com
Acne,Toner,Hydrating Cream,Eucerin,www.klikindomaret.com
Oily,Mask,Hydrating Cream,Neutrogena,www.blibli.com
Dry,Exfoliator,Broad Spectrum SPF 50,Neutrogena,www.orami.co.id
Oily,Cleanser,Peeling Solution,The Ordinary,www.lazada.co.id
Dry,Moisturizer,Clay Purifying Mask,Cosrx,www.shopee.co.id
Dry,Toner,Hydrating Cream,Neutrogena,www.jd.id
Acne,Moisturizer,Clay Purifying Mask,Avene,www.tokopedia.com
Dry,Mask,Soothing Toner,Avene,www.sociolla.com
Oily,Mask,UV Defense Sunscreen,Avene,www.jd.id
Dry,Sunscreen,Gentle Exfoliating Scrub,Cosrx,www.jd.id
Oily,Moisturizer,Charcoal Detox Mask,Cosrx,www.tokopedia.com
Dry,Exfoliator,Anti-Aging Serum,Cosrx,www.sephora.co.id
Acne,Mask,Anti-Aging Serum,CeraVe,www.sephora.co.id
Oily,Toner,Peeling Solution,Cetaphil,www.sociolla.com
Dry,Serum,Acne Control Face Wash,Paula's Choice,www.lazada.co.id
Oily,Cleanser,Broad Spectrum SPF 50,Neutrogena,www.klikindomaret.com
Oily,Toner,Rose Water Toner,Eucerin,www.tokopedia.com
Acne,Exfoliator,Oil-Free Cleanser,La Roche-Posay,www.klikindomaret.com
Dry,Sunscreen,Anti-Aging Serum,Laneige,www.sephora.co.id
Dry,Toner,Clay Purifying Mask,CeraVe,www.orami.co.id
Acne,Sunscreen,UV Defense Sunscreen,The Ordinary,www.blibli.com
Acne,Cleanser,Hydrating Cream,The Ordinary,www.shopee.co.id
Acne,Mask,Anti-Aging Serum,Cetaphil,www.lazada.co.id
Acne,Moisturizer,Broad Spectrum SPF 50,Cosrx,www.blibli.com
Oily,Mask,Broad Spectrum SPF 50,Bioderma,www.jd.id
Dry,Serum,UV Defense Sunscreen,Eucerin,www.lazada.co.id
Acne,Sunscreen,Anti-Aging Serum,Cetaphil,www.lazada.co.id
Acne,Moisturizer,Rose Water Toner,Avene,www.lazada.co.id
Dry,Exfoliator,Acne Control Face Wash,The Ordinary,www.orami.co.id
Acne,Toner,Hydrating Cream,The Ordinary,www.tokopedia.com
Oily,Mask,Hydrating Cream,CeraVe,www.lazada.co.id
Dry,Mask,Acne Control Face Wash,La Roche-Posay,www.sephora.co.id
Acne,Toner,Hydrating Cream,Paula's Choice,www.blibli.com
Oily,Toner,Broad Spectrum SPF 50,Neutrogena,www.shopee.co.id
Oily,Mask,Soothing Toner,La Roche-Posay,www.lazada.co.id
Dry,Exfoliator,Gentle Exfoliating Scrub,Neutrogena,www.shopee.co.id
Oily,Cleanser,Charcoal Detox Mask,Kiehl's,www.orami.co.id
Dry,Exfoliator,Gentle Exfoliating Scrub,Avene,www.shopee.co.id
Oily,Cleanser,Brightening Serum,CeraVe,www.klikindomaret.com
Acne,Serum,UV Defense Sunscreen,Paula's Choice,www.jd.id
Acne,Cleanser,Hydrating Cream,Cetaphil,www.orami.co.id
Dry,Mask,Clay Purifying Mask,Cosrx,www.sephora.co.id
Oily,Serum,Oil-Free Cleanser,The Ordinary,www.klikindomaret.com
Dry,Cleanser,Hyaluronic Acid Gel,The Ordinary,www.sephora.co.id
Acne,Cleanser,Brightening Serum,Laneige,www.sephora.co.id
Oily,Exfoliator,Gentle Exfoliating Scrub,The Ordinary,www.shopee.co.id
Acne,Serum,Hydrating Cream,The Ordinary,www.shopee.co.id
Acne,Cleanser,UV Defense Sunscreen,CeraVe,www.jd.id
Acne,Moisturizer,UV Defense Sunscreen,Kiehl's,www.jd.id
Dry,Sunscreen,Oil-Free Cleanser,Cosrx,www.lazada.co.id
Dry,Cleanser,Acne Control Face Wash,Cetaphil,www.sephora.co.id
Oily,Sunscreen,Rose Water Toner,Paula's Choice,www.orami.co.id
Dry,Cleanser,Soothing Toner,Laneige,www.orami.co.id
Oily,Sunscreen,Charcoal Detox Mask,The Ordinary,www.jd.id
Oily,Cleanser,Clay Purifying Mask,Eucerin,www.klikindomaret.com
Oily,Toner,Oil-Free Cleanser,The Ordinary,www.sociolla.com
Oily,Toner,Rose Water Toner,Avene,www.shopee.co.id
Oily,Mask,Rose Water Toner,Avene,www.blibli.com
Oily,Cleanser,Acne Control Face Wash,Cosrx,www.orami.co.id
Dry,Moisturizer,Charcoal Detox Mask,Paula's Choice,www.klikindomaret.com
Acne,Toner,Oil-Free Cleanser,The Ordinary,www.tokopedia.com
Oily,Moisturizer,Clay Purifying Mask,La Roche-Posay,www.orami.co.id
Oily,Exfoliator,Gentle Exfoliating Scrub,Eucerin,www.klikindomaret.com
Oily,Sunscreen,Acne Control Face Wash,Cetaphil,www.orami.co.id
Acne,Exfoliator,Peeling Solution,Laneige,www.orami.co.id
Acne,Mask,Charcoal Detox Mask,CeraVe,www.jd.id
Dry,Serum,Anti-Aging Serum,La Roche-Posay,www.tokopedia.com
Acne,Mask,Brightening Serum,The Ordinary,www.lazada.co.id
Dry,Sunscreen,Broad Spectrum SPF 50,La Roche-Posay,www.sociolla.com
Dry,Serum,Broad Spectrum SPF 50,Paula's Choice,www.lazada.co.id
Oily,Cleanser,Soothing Toner,Cosrx,www.sephora.co.id
Oily,Toner,Soothing Toner,Bioderma,www.shopee.co.id
Dry,Serum,Anti-Aging Serum,Cosrx,www.shopee.co.id
Acne,Exfoliator,Acne Control Face Wash,Paula's Choice,www.jd.id
Acne,Toner,UV Defense Sunscreen,Avene,www.sephora.co.id
Oily,Exfoliator,Anti-Aging Serum,Avene,www.blibli.com
Acne,Moisturizer,Hydrating Cream,Neutrogena,www.lazada.co.id
Dry,Exfoliator,Broad Spectrum SPF 50,Kiehl's,www.shopee.co.id
Oily,Exfoliator,Acne Control Face Wash,Cetaphil,www.tokopedia.com
Oily,Cleanser,Gentle Exfoliating Scrub,Neutrogena,www.shopee.co.id
Dry,Exfoliator,Oil-Free Cleanser,CeraVe,www.orami.co.id
Dry,Serum,Brightening Serum,Kiehl's,www.blibli.com
Acne,Moisturizer,Charcoal Detox Mask,Eucerin,www.orami.co.id
Acne,Sunscreen,Charcoal Detox Mask,Cetaphil,www.sociolla.com
Oily,Exfoliator,Broad Spectrum SPF 50,Bioderma,www.klikindomaret.com
Dry,Mask,Hydrating Cream,Kiehl's,www.orami.co.id
Dry,Sunscreen,Charcoal Detox Mask,La Roche-Posay,www.blibli.com
Oily,Cleanser,Brightening Serum,CeraVe,www.blibli.com
Dry,Mask,Rose Water Toner,Laneige,www.sephora.co.id
Oily,Toner,Hyaluronic Acid Gel,Kiehl's,www.shopee.co.id
Dry,Sunscreen,UV Defense Sunscreen,Cosrx,www.sociolla.com
Dry,Serum,Oil-Free Cleanser,The Ordinary,www.jd.id
Dry,Toner,Brightening Serum,Laneige,www.tokopedia.com
Oily,Toner,Charcoal Detox Mask,Eucerin,www.klikindomaret.com
Oily,Sunscreen,Anti-Aging Serum,Laneige,www.sephora.co.id
Acne,Toner,Oil-Free Cleanser,Avene,www.tokopedia.com
Dry,Moisturizer,Anti-Aging Serum,Eucerin,www.shopee.co.id
Acne,Toner,Anti-Aging Serum,Laneige,www.sephora.co.id
Dry,Exfoliator,Rose Water Toner,Cosrx,www.tokopedia.com
Dry,Toner,Hyaluronic Acid Gel,CeraVe,www.lazada.co.id
Acne,Sunscreen,Acne Control Face Wash,Eucerin,www.sociolla.com
Dry,Cleanser,Soothing Toner,Avene,www.orami.co.id
Dry,Exfoliator,Gentle Exfoliating Scrub,La Roche-Posay,www.sephora.co.id
Dry,Moisturizer,Gentle Exfoliating Scrub,The Ordinary,www.sephora.co.id
Oily,Serum,UV Defense Sunscreen,The Ordinary,www.klikindomaret.com
Dry,Exfoliator,Broad Spectrum SPF 50,Laneige,www.jd.id
Acne,Mask,Hydrating Cream,Cosrx,www.sephora.co.id
Acne,Sunscreen,Broad Spectrum SPF 50,Cetaphil,www.lazada.co.id
Acne,Exfoliator,Charcoal Detox Mask,Kiehl's,www.klikindomaret.com
Dry,Moisturizer,Rose Water Toner,Paula's Choice,www.sephora.co.id
Acne,Toner,Soothing Toner,Avene,www.shopee.co.id
Oily,Moisturizer,Hydrating Cream,Eucerin,www.sociolla.com
Dry,Moisturizer,Clay Purifying Mask,Laneige,www.klikindomaret.com
Dry,Toner,Charcoal Detox Mask,CeraVe,www.orami.co.id
Acne,Cleanser,Oil-Free Cleanser,Avene,www.shopee.co.id
Oily,Exfoliator,Anti-Aging Serum,Paula's Choice,www.sociolla.com
Dry,Cleanser,Clay Purifying Mask,Cetaphil,www.jd.id
Dry,Serum,Peeling Solution,Eucerin,www.sephora.co.id
Acne,Serum,Soothing Toner,Laneige,www.shopee.co.id
Dry,Cleanser,Hyaluronic Acid Gel,Kiehl's,www.sociolla.com
Acne,Toner,Hydrating Cream,Eucerin,www.tokopedia.com
Dry,Toner,Gentle Exfoliating Scrub,Paula's Choice,www.blibli.com
Oily,Moisturizer,Charcoal Detox Mask,Cetaphil,www.jd.id
Acne,Moisturizer,Peeling Solution,Bioderma,www.shopee.co.id
Dry,Mask,Anti-Aging Serum,CeraVe,www.jd.id
Oily,Sunscreen,Charcoal Detox Mask,Kiehl's,www.orami.co.id
Dry,Moisturizer,Gentle Exfoliating Scrub,The Ordinary,www.lazada.co.id
Acne,Toner,Gentle Exfoliating Scrub,Neutrogena,www.shopee.co.id
Dry,Exfoliator,Hydrating Cream,La Roche-Posay,www.shopee.co.id
Oily,Moisturizer,Rose Water Toner,La Roche-Posay,www.jd.id
Dry,Moisturizer,Brightening Serum,The Ordinary,www.jd.id
Acne,Exfoliator,Soothing Toner,Bioderma,www.orami.co.id
Acne,Sunscreen,Charcoal Detox Mask,Kiehl's,www.jd.id
Oily,Serum,Oil-Free Cleanser,Cetaphil,www.klikindomaret.com
Acne,Exfoliator,Acne Control Face Wash,Paula's Choice,www.klikindomaret.com
Oily,Mask,Hyaluronic Acid Gel,Neutrogena,www.blibli.com
Oily,Moisturizer,Acne Control Face Wash,CeraVe,www.blibli.com
Dry,Serum,Oil-Free Cleanser,The Ordinary,www.sociolla.com
Dry,Serum,Gentle Exfoliating Scrub,La Roche-Posay,www.shopee.co.id
Acne,Moisturizer,Anti-Aging Serum,Bioderma,www.sephora.co.id
Acne,Sunscreen,Hyaluronic Acid Gel,La Roche-Posay,www.orami.co.id
Acne,Toner,Clay Purifying Mask,Cetaphil,www.lazada.co.id
Dry,Toner,Gentle Exfoliating Scrub,Avene,www.shopee.co.id
Oily,Mask,Brightening Serum,Kiehl's,www.sephora.co.id
Oily,Cleanser,Rose Water Toner,Avene,www.blibli.com
Oily,Serum,Rose Water Toner,Paula's Choice,www.blibli.com
Oily,Cleanser,Soothing Toner,Neutrogena,www.tokopedia.com
Acne,Cleanser,Brightening Serum,Bioderma,www.sociolla.com
Oily,Exfoliator,UV Defense Sunscreen,The Ordinary,www.sephora.co.id
Dry,Toner,Acne Control Face Wash,Paula's Choice,www.klikindomaret.com
Acne,Mask,Rose Water Toner,Bioderma,www.blibli.com
Dry,Serum,Oil-Free Cleanser,Bioderma,www.tokopedia.com
Acne,Toner,Soothing Toner,La Roche-Posay,www.sociolla.com
Oily,Mask,Rose Water Toner,Cosrx,www.orami.co.id
Oily,Mask,Brightening Serum,Neutrogena,www.shopee.co.id
Oily,Sunscreen,Hydrating Cream,Bioderma,www.klikindomaret.com
Dry,Cleanser,Hyaluronic Acid Gel,Laneige,www.jd.id
Oily,Moisturizer,Gentle Exfoliating Scrub,Avene,www.jd.id
Oily,Serum,Rose Water Toner,CeraVe,www.klikindomaret.com
Dry,Cleanser,Peeling Solution,Neutrogena,www.lazada.co.id
Oily,Toner,Brightening Serum,La Roche-Posay,www.lazada.co.id
Oily,Sunscreen,Brightening Serum,La Roche-Posay,www.blibli.com
Oily,Exfoliator,Brightening Serum,Avene,www.shopee.co.id
Dry,Cleanser,Hyaluronic Acid Gel,Avene,www.shopee.co.id
Acne,Exfoliator,Oil-Free Cleanser,Cosrx,www.shopee.co.id
Dry,Mask,Peeling Solution,Kiehl's,www.orami.co.id
Acne,Moisturizer,Soothing Toner,La Roche-Posay,www.klikindomaret.com
Oily,Serum,Rose Water Toner,CeraVe,www.tokopedia.com
Dry,Moisturizer,Soothing Toner,Cosrx,www.klikindomaret.com
Acne,Mask,Peeling Solution,Eucerin,www.lazada.co.id
Oily,Exfoliator,Anti-Aging Serum,Paula's Choice,www.klikindomaret.com
Acne,Toner,Oil-Free Cleanser,Cetaphil,www.jd.id
Oily,Exfoliator,Charcoal Detox Mask,Neutrogena,www.blibli.com
Acne,Moisturizer,Brightening Serum,Bioderma,www.shopee.co.id
Dry,Cleanser,Oil-Free Cleanser,The Ordinary,www.jd.id
Acne,Toner,Peeling Solution,Paula's Choice,www.tokopedia.com
Dry,Cleanser,Gentle Exfoliating Scrub,CeraVe,www.sociolla.com
Acne,Mask,Hydrating Cream,Avene,www.sociolla.com
Acne,Exfoliator,Soothing Toner,Eucerin,www.jd.id
Oily,Mask,Acne Control Face Wash,La Roche-Posay,www.lazada.co.id
Acne,Serum,Peeling Solution,La Roche-Posay,www.sephora.co.id
Oily,Sunscreen,Charcoal Detox Mask,Laneige,www.sephora.co.id
Oily,Exfoliator,Acne Control Face Wash,CeraVe,www.orami.co.id
Acne,Cleanser,UV Defense Sunscreen,Bioderma,www.orami.co.id
Acne,Exfoliator,Charcoal Detox Mask,Cosrx,www.sephora.co.id
Dry,Toner,Oil-Free Cleanser,La Roche-Posay,www.orami.co.id
Acne,Serum,Peeling Solution,La Roche-Posay,www.orami.co.id
Acne,Sunscreen,UV Defense Sunscreen,Cetaphil,www.sociolla.com
Dry,Exfoliator,Soothing Toner,Cosrx,www.blibli.com
Oily,Sunscreen,UV Defense Sunscreen,CeraVe,www.klikindomaret.com
Oily,Serum,Soothing Toner,Eucerin,www.shopee.co.id
Acne,Serum,Hydrating Cream,Paula's Choice,www.blibli.com
Dry,Cleanser,Peeling Solution,Cosrx,www.klikindomaret.com
Dry,Sunscreen,UV Defense Sunscreen,La Roche-Posay,www.blibli.com
Oily,Toner,Oil-Free Cleanser,Kiehl's,www.lazada.co.id
Acne,Toner,Broad Spectrum SPF 50,Paula's Choice,www.klikindomaret.com
Oily,Mask,Charcoal Detox Mask,Eucerin,www.sephora.co.id
Oily,Moisturizer,Soothing Toner,Paula's Choice,www.jd.id
Acne,Sunscreen,Clay Purifying Mask,Bioderma,www.sociolla.com
Acne,Exfoliator,Acne Control Face Wash,Kiehl's,www.klikindomaret.com
Dry,Toner,Hyaluronic Acid Gel,Neutrogena,www.klikindomaret.com
Dry,Moisturizer,Brightening Serum,Cosrx,www.klikindomaret.com
Acne,Sunscreen,Anti-Aging Serum,Eucerin,www.orami.co.id
Dry,Mask,Peeling Solution,CeraVe,www.sociolla.com
Dry,Sunscreen,Rose Water Toner,Avene,www.tokopedia.com
Oily,Moisturizer,Anti-Aging Serum,Bioderma,www.lazada.co.id
Dry,Sunscreen,Brightening Serum,CeraVe,www.sociolla.com
Oily,Mask,Soothing Toner,Eucerin,www.shopee.co.id
Acne,Serum,Soothing Toner,Cetaphil,www.tokopedia.com
Oily,Serum,Anti-Aging Serum,Bioderma,www.orami.co.id
Oily,Sunscreen,Hydrating Cream,Cetaphil,www.jd.id
Dry,Mask,Hydrating Cream,Bioderma,www.shopee.co.id
Acne,Mask,UV Defense Sunscreen,Neutrogena,www.orami.co.id
Acne,Serum,Soothing Toner,Paula's Choice,www.blibli.com
Acne,Toner,Acne Control Face Wash,Cetaphil,www.klikindomaret.com
Acne,Sunscreen,Acne Control Face Wash,Avene,www.sephora.co.id
Dry,Exfoliator,Soothing Toner,Eucerin,www.lazada.co.id
Acne,Sunscreen,Hyaluronic Acid Gel,Cosrx,www.shopee.co.id
Dry,Sunscreen,Brightening Serum,The Ordinary,www.sephora.co.id
Oily,Serum,Clay Purifying Mask,Eucerin,www.klikindomaret.com
Oily,Serum,Oil-Free Cleanser,Paula's Choice,www.jd.id
Dry,Moisturizer,Rose Water Toner,Neutrogena,www.orami.co.id
Acne,Sunscreen,Soothing Toner,Paula's Choice,www.orami.co.id
Acne,Toner,Charcoal Detox Mask,Bioderma,www.shopee.co.id
Oily,Cleanser,Peeling Solution,Neutrogena,www.orami.co.id
Dry,Mask,Oil-Free Cleanser,The Ordinary,www.blibli.com
Oily,Sunscreen,Clay Purifying Mask,Bioderma,www.sociolla.com
Dry,Mask,Broad Spectrum SPF 50,Bioderma,www.sociolla.com
Dry,Mask,Hyaluronic Acid Gel,Laneige,www.sociolla.com
Oily,Mask,UV Defense Sunscreen,Bioderma,www.jd.id
Dry,Exfoliator,UV Defense Sunscreen,Neutrogena,www.klikindomaret.com
Dry,Moisturizer,Rose Water Toner,Bioderma,www.jd.id
Dry,Cleanser,Anti-Aging Serum,Cetaphil,www.sociolla.com
Dry,Cleanser,UV Defense Sunscreen,Paula's Choice,www.shopee.co.id
Dry,Toner,Clay Purifying Mask,Neutrogena,www.orami.co.id
Oily,Exfoliator,Rose Water Toner,Bioderma,www.orami.co.id
Oily,Serum,Soothing Toner,The Ordinary,www.blibli.com
Oily,Exfoliator,Rose Water Toner,Cetaphil,www.sociolla.com
Acne,Moisturizer,Rose Water Toner,Cosrx,www.lazada.co.id
Acne,Cleanser,Anti-Aging Serum,Paula's Choice,www.lazada.co.id
Acne,Mask,UV Defense Sunscreen,La Roche-Posay,www.klikindomaret.com
Acne,Moisturizer,Peeling Solution,Eucerin,www.lazada.co.id
Oily,Exfoliator,Peeling Solution,Kiehl's,www.lazada.co.id
Oily,Toner,Hydrating Cream,Paula's Choice,www.jd.id
Oily,Exfoliator,Brightening Serum,Eucerin,www.jd.id
Oily,Sunscreen,Oil-Free Cleanser,Laneige,www.sociolla.com
Dry,Mask,Acne Control Face Wash,Eucerin,www.sociolla.com
Acne,Exfoliator,Broad Spectrum SPF 50,La Roche-Posay,www.blibli.com
Acne,Sunscreen,Rose Water Toner,Eucerin,www.sociolla.com
Dry,Toner,Peeling Solution,Avene,www.orami.co.id
Oily,Serum,UV Defense Sunscreen,Kiehl's,www.sociolla.com
Oily,Mask,Hyaluronic Acid Gel,Eucerin,www.klikindomaret.com
Dry,Exfoliator,Acne Control Face Wash,Bioderma,www.klikindomaret.com
Acne,Moisturizer,UV Defense Sunscreen,Kiehl's,www.sociolla.com
Dry,Cleanser,Hyaluronic Acid Gel,Avene,www.sephora.co.id
Oily,Mask,Hyaluronic Acid Gel,Cosrx,www.tokopedia.com
Dry,Exfoliator,Broad Spectrum SPF 50,The Ordinary,www.sephora.co.id
Dry,Exfoliator,Gentle Exfoliating Scrub,Laneige,www.shopee.co.id
Dry,Toner,Soothing Toner,Avene,www.orami.co.id
Oily,Cleanser,Soothing Toner,The Ordinary,www.tokopedia.com
Acne,Serum,UV Defense Sunscreen,Neutrogena,www.shopee.co.id
Acne,Exfoliator,Gentle Exfoliating Scrub,Avene,www.tokopedia.com
Acne,Mask,Brightening Serum,Bioderma,www.jd.id
Acne,Moisturizer,Brightening Serum,Cetaphil,www.lazada.co.id
Acne,Cleanser,Clay Purifying Mask,Bioderma,www.sociolla.com
Dry,Sunscreen,Brightening Serum,CeraVe,www.sephora.co.id
Acne,Toner,Brightening Serum,Bioderma,www.tokopedia.com
Dry,Toner,UV Defense Sunscreen,Neutrogena,www.shopee.co.id
Dry,Cleanser,Soothing Toner,Eucerin,www.tokopedia.com
Acne,Toner,UV Defense Sunscreen,Eucerin,www.klikindomaret.com
Acne,Serum,Hyaluronic Acid Gel,Avene,www.sociolla.com
Oily,Mask,Peeling Solution,Laneige,www.sephora.co.id
Acne,Sunscreen,Brightening Serum,Kiehl's,www.tokopedia.com
Oily,Sunscreen,Gentle Exfoliating Scrub,Neutrogena,www.sephora.co.id
Oily,Mask,UV Defense Sunscreen,The Ordinary,www.lazada.co.id
Dry,Mask,Hyaluronic Acid Gel,CeraVe,www.sociolla.com
Dry,Cleanser,Brightening Serum,Neutrogena,www.orami.co.id
Dry,Exfoliator,Gentle Exfoliating Scrub,Neutrogena,www.blibli.com
Dry,Serum,Oil-Free Cleanser,Neutrogena,www.klikindomaret.com
Dry,Serum,Charcoal Detox Mask,Laneige,www.klikindomaret.com
Dry,Toner,Gentle Exfoliating Scrub,Eucerin,www.sociolla.com
Acne,Cleanser,Gentle Exfoliating Scrub,Eucerin,www.tokopedia.com
Oily,Sunscreen,Rose Water Toner,Kiehl's,www.jd.id
Dry,Serum,Clay Purifying Mask,Paula's Choice,www.sephora.co.id
Oily,Moisturizer,Anti-Aging Serum,CeraVe,www.jd.id
Oily,Mask,Hydrating Cream,Kiehl's,www.tokopedia.com
Dry,Moisturizer,Acne Control Face Wash,La Roche-Posay,www.blibli.com
Dry,Moisturizer,Acne Control Face Wash,Avene,www.blibli.com
Acne,Moisturizer,Brightening Serum,The Ordinary,www.klikindomaret.com
Dry,Sunscreen,Hyaluronic Acid Gel,Bioderma,www.sephora.co.id
Acne,Exfoliator,Charcoal Detox Mask,La Roche-Posay,www.sociolla.com
Dry,Moisturizer,Anti-Aging Serum,Neutrogena,www.sociolla.com
Dry,Cleanser,UV Defense Sunscreen,Eucerin,www.tokopedia.com
Acne,Mask,Peeling Solution,Paula's Choice,www.orami.co.id
Acne,Sunscreen,UV Defense Sunscreen,Eucerin,www.sephora.co.id
Oily,Mask,Anti-Aging Serum,La Roche-Posay,www.shopee.co.id
Dry,Exfoliator,Acne Control Face Wash,Cosrx,www.lazada.co.id
Dry,Cleanser,Oil-Free Cleanser,Cetaphil,www.shopee.co.id
Dry,Mask,Peeling Solution,Neutrogena,www.lazada.co.id
Acne,Sunscreen,Clay Purifying Mask,Bioderma,www.shopee.co.id
Oily,Cleanser,Anti-Aging Serum,Paula's Choice,www.lazada.co.id
Dry,Serum,Broad Spectrum SPF 50,Kiehl's,www.klikindomaret.com
Oily,Moisturizer,Charcoal Detox Mask,CeraVe,www.sephora.co.id
Dry,Cleanser,Anti-Aging Serum,Bioderma,www.tokopedia.com
Oily,Moisturizer,Rose Water Toner,La Roche-Posay,www.shopee.co.id
Oily,Exfoliator,Anti-Aging Serum,Avene,www.lazada.co.id
Dry,Serum,Gentle Exfoliating Scrub,Kiehl's,www.blibli.com
Dry,Sunscreen,Hydrating Cream,Bioderma,www.jd.id
Dry,Serum,Hydrating Cream,CeraVe,www.jd.id
Acne,Mask,Soothing Toner,CeraVe,www.blibli.com
Dry,Sunscreen,Rose Water Toner,Bioderma,www.blibli.com
Oily,Mask,Hydrating Cream,Avene,www.jd.id
Oily,Exfoliator,Hydrating Cream,Cosrx,www.klikindomaret.com
Acne,Sunscreen,Broad Spectrum SPF 50,Cosrx,www.orami.co.id
Acne,Cleanser,Soothing Toner,The Ordinary,www.sephora.co.id
Dry,Sunscreen,Soothing Toner,Kiehl's,www.lazada.co.id
Oily,Toner,Rose Water Toner,Eucerin,www.klikindomaret.com
Oily,Exfoliator,Hydrating Cream,Avene,www.blibli.com
Oily,Serum,Acne Control Face Wash,Cetaphil,www.blibli.com
Dry,Sunscreen,Oil-Free Cleanser,Avene,www.orami.co.id
Acne,Mask,Oil-Free Cleanser,Cosrx,www.lazada.co.id
Dry,Moisturizer,Hydrating Cream,Neutrogena,www.klikindomaret.com
Oily,Cleanser,Hyaluronic Acid Gel,Neutrogena,www.sephora.co.id
Oily,Mask,Brightening Serum,Neutrogena,www.lazada.co.id
Oily,Serum,Brightening Serum,Eucerin,www.shopee.co.id
Oily,Serum,Hyaluronic Acid Gel,Avene,www.shopee.co.id
Acne,Moisturizer,Hyaluronic Acid Gel,CeraVe,www.blibli.com
Acne,Moisturizer,Hyaluronic Acid Gel,CeraVe,www.tokopedia.com
Acne,Sunscreen,Clay Purifying Mask,Eucerin,www.sephora.co.id
Oily,Mask,Clay Purifying Mask,The Ordinary,www.sociolla.com
Oily,Toner,Charcoal Detox Mask,Neutrogena,www.sephora.co.id
Oily,Cleanser,Gentle Exfoliating Scrub,The Ordinary,www.klikindomaret.com
Dry,Serum,Hyaluronic Acid Gel,The Ordinary,www.lazada.co.id
Dry,Exfoliator,Hydrating Cream,La Roche-Posay,www.jd.id
Dry,Moisturizer,Clay Purifying Mask,Cosrx,www.orami.co.id
Oily,Exfoliator,Gentle Exfoliating Scrub,Avene,www.lazada.co.id
Acne,Exfoliator,Anti-Aging Serum,Eucerin,www.shopee.co.id
Oily,Moisturizer,UV Defense Sunscreen,La Roche-Posay,www.sociolla.com
Dry,Exfoliator,Soothing Toner,Cosrx,www.sephora.co.id
Dry,Cleanser,Hyaluronic Acid Gel,Avene,www.sociolla.com
Oily,Mask,Gentle Exfoliating Scrub,Eucerin,www.sociolla.com
Acne,Mask,Brightening Serum,CeraVe,www.sephora.co.id
Oily,Cleanser,Hydrating Cream,Avene,www.shopee.co.id
Oily,Toner,Broad Spectrum SPF 50,Bioderma,www.orami.co.id
Dry,Mask,Acne Control Face Wash,Cosrx,www.sociolla.com
Acne,Exfoliator,Acne Control Face Wash,Laneige,www.blibli.com
Dry,Moisturizer,Brightening Serum,Neutrogena,www.jd.id
Acne,Sunscreen,Soothing Toner,Cosrx,www.jd.id
Dry,Moisturizer,Charcoal Detox Mask,Cosrx,www.shopee.co.id
Oily,Moisturizer,UV Defense Sunscreen,The Ordinary,www.klikindomaret.com
Oily,Toner,Gentle Exfoliating Scrub,Cetaphil,www.shopee.co.id
Dry,Sunscreen,Oil-Free Cleanser,Neutrogena,www.klikindomaret.com
Acne,Mask,Hydrating Cream,Cetaphil,www.orami.co.id
Acne,Sunscreen,Rose Water Toner,La Roche-Posay,www.blibli.com
Dry,Mask,Hydrating Cream,Neutrogena,www.sephora.co.id
Acne,Moisturizer,Oil-Free Cleanser,Eucerin,www.sociolla.com
Acne,Toner,Rose Water Toner,La Roche-Posay,www.sociolla.com
Dry,Serum,Charcoal Detox Mask,Bioderma,www.lazada.co.id
Oily,Moisturizer,Anti-Aging Serum,Laneige,www.jd.id
Acne,Serum,Charcoal Detox Mask,Bioderma,www.sephora.co.id
Acne,Cleanser,Soothing Toner,Kiehl's,www.blibli.com
Oily,Toner,Brightening Serum,Cetaphil,www.sociolla.com
Dry,Moisturizer,Anti-Aging Serum,Cosrx,www.sephora.co.id
Acne,Toner,Rose Water Toner,Bioderma,www.sephora.co.id
Oily,Moisturizer,Gentle Exfoliating Scrub,CeraVe,www.tokopedia.com
Dry,Cleanser,Rose Water Toner,Laneige,www.orami.co.id
Oily,Cleanser,Gentle Exfoliating Scrub,Neutrogena,www.tokopedia.com
Dry,Serum,Rose Water Toner,Neutrogena,www.sephora.co.id
Oily,Cleanser,Soothing Toner,CeraVe,www.lazada.co.id
Oily,Exfoliator,Anti-Aging Serum,Kiehl's,www.lazada.co.id
Oily,Cleanser,Clay Purifying Mask,Avene,www.sociolla.com
Dry,Cleanser,Rose Water Toner,Laneige,www.sociolla.com
Acne,Sunscreen,Rose Water Toner,CeraVe,www.lazada.co.id
Oily,Moisturizer,Hydrating Cream,Paula's Choice,www.orami.co.id
Oily,Serum,Broad Spectrum SPF 50,CeraVe,www.shopee.co.id
Acne,Mask,Soothing Toner,Cosrx,www.klikindomaret.com
Oily,Mask,Soothing Toner,Cetaphil,www.lazada.co.id
Acne,Serum,Broad Spectrum SPF 50,Paula's Choice,www.blibli.com
Dry,Mask,UV Defense Sunscreen,Cetaphil,www.jd.id
Acne,Sunscreen,Peeling Solution,The Ordinary,www.tokopedia.com
Oily,Cleanser,UV Defense Sunscreen,Cosrx,www.shopee.co.id
Acne,Toner,Oil-Free Cleanser,Avene,www.sociolla.com
Dry,Moisturizer,Oil-Free Cleanser,Laneige,www.blibli.com
Acne,Cleanser,Clay Purifying Mask,Laneige,www.tokopedia.com
Dry,Mask,Clay Purifying Mask,Cosrx,www.sociolla.com
Dry,Sunscreen,Acne Control Face Wash,Bioderma,www.sephora.co.id
Dry,Moisturizer,Gentle Exfoliating Scrub,Kiehl's,www.blibli.com
Acne,Moisturizer,Clay Purifying Mask,CeraVe,www.tokopedia.com
Acne,Toner,Brightening Serum,La Roche-Posay,www.sephora.co.id
Oily,Mask,Soothing Toner,The Ordinary,www.sociolla.com
Dry,Toner,Charcoal Detox Mask,Eucerin,www.orami.co.id
Acne,Moisturizer,Hyaluronic Acid Gel,Eucerin,www.lazada.co.id
Acne,Serum,Acne Control Face Wash,Kiehl's,www.klikindomaret.com
Dry,Mask,UV Defense Sunscreen,The Ordinary,www.tokopedia.com
Acne,Cleanser,Broad Spectrum SPF 50,The Ordinary,www.blibli.com
Oily,Exfoliator,Clay Purifying Mask,Laneige,www.tokopedia.com
Dry,Serum,Peeling Solution,Kiehl's,www.lazada.co.id
Dry,Toner,Charcoal Detox Mask,Neutrogena,www.lazada.co.id
Dry,Exfoliator,Oil-Free Cleanser,Avene,www.jd.id
Dry,Sunscreen,Rose Water Toner,Neutrogena,www.sociolla.com
Oily,Mask,Anti-Aging Serum,Paula's Choice,www.blibli.com
Dry,Moisturizer,Acne Control Face Wash,Bioderma,www.jd.id
Oily,Serum,Rose Water Toner,Paula's Choice,www.sociolla.com
Acne,Mask,Broad Spectrum SPF 50,Avene,www.tokopedia.com
Dry,Mask,Hyaluronic Acid Gel,Cosrx,www.blibli.com
Oily,Toner,Oil-Free Cleanser,Laneige,www.sociolla.com
Acne,Sunscreen,Soothing Toner,Cosrx,www.shopee.co.id
Dry,Serum,UV Defense Sunscreen,CeraVe,www.orami.co.id
Oily,Sunscreen,UV Defense Sunscreen,The Ordinary,www.jd.id
Acne,Mask,Anti-Aging Serum,Paula's Choice,www.jd.id
Dry,Exfoliator,Peeling Solution,Avene,www.shopee.co.id
Dry,Serum,Peeling Solution,Avene,www.shopee.co.id
Oily,Cleanser,Charcoal Detox Mask,Avene,www.blibli.com
Dry,Toner,Charcoal Detox Mask,Eucerin,www.tokopedia.com
Dry,Sunscreen,Brightening Serum,Avene,www.tokopedia.com
Acne,Toner,Charcoal Detox Mask,Neutrogena,www.jd.id
Oily,Sunscreen,Oil-Free Cleanser,Kiehl's,www.shopee.co.id
Acne,Mask,Peeling Solution,Cetaphil,www.jd.id
Dry,Moisturizer,Hyaluronic Acid Gel,Bioderma,www.blibli.com
Oily,Toner,Broad Spectrum SPF 50,The Ordinary,www.sephora.co.id
Dry,Sunscreen,Oil-Free Cleanser,Eucerin,www.sephora.co.id
Dry,Cleanser,Anti-Aging Serum,Eucerin,www.jd.id
Acne,Moisturizer,Clay Purifying Mask,Avene,www.orami.co.id
Oily,Serum,Rose Water Toner,La Roche-Posay,www.shopee.co.id
Acne,Sunscreen,Anti-Aging Serum,Paula's Choice,www.shopee.co.id
Oily,Moisturizer,Oil-Free Cleanser,Neutrogena,www.orami.co.id
Acne,Moisturizer,Rose Water Toner,Eucerin,www.jd.id
Dry,Toner,Hydrating Cream,Cetaphil,www.klikindomaret.com
Acne,Cleanser,Hydrating Cream,Laneige,www.klikindomaret.com
Acne,Serum,Oil-Free Cleanser,Neutrogena,www.orami.co.id
Acne,Cleanser,Acne Control Face Wash,Paula's Choice,www.sociolla.com
Oily,Sunscreen,Gentle Exfoliating Scrub,The Ordinary,www.lazada.co.id
Acne,Exfoliator,Anti-Aging Serum,Kiehl's,www.jd.id
Dry,Cleanser,Gentle Exfoliating Scrub,Neutrogena,www.sephora.co.id
Acne,Sunscreen,Hyaluronic Acid Gel,Kiehl's,www.sephora.co.id
Oily,Toner,Acne Control Face Wash,La Roche-Posay,www.blibli.com
Acne,Exfoliator,Peeling Solution,Laneige,www.blibli.com
Dry,Moisturizer,Anti-Aging Serum,La Roche-Posay,www.orami.co.id
Dry,Serum,Acne Control Face Wash,Bioderma,www.jd.id
Oily,Sunscreen,Peeling Solution,Bioderma,www.sephora.co.id
Oily,Sunscreen,Broad Spectrum SPF 50,CeraVe,www.klikindomaret.com
Acne,Exfoliator,Anti-Aging Serum,Neutrogena,www.sephora.co.id
Oily,Cleanser,UV Defense Sunscreen,CeraVe,www.sephora.co.id
Oily,Sunscreen,Brightening Serum,Kiehl's,www.orami.co.id
Dry,Sunscreen,Hydrating Cream,Avene,www.jd.id
Acne,Serum,Charcoal Detox Mask,The Ordinary,www.blibli.com
Dry,Serum,Brightening Serum,Cosrx,www.shopee.co.id
Dry,Mask,Rose Water Toner,Kiehl's,www.jd.id
Acne,Sunscreen,Broad Spectrum SPF 50,CeraVe,www.tokopedia.com
Oily,Sunscreen,Broad Spectrum SPF 50,La Roche-Posay,www.klikindomaret.com
Oily,Cleanser,Gentle Exfoliating Scrub,Cosrx,www.lazada.co.id
Dry,Sunscreen,Brightening Serum,Avene,www.jd.id
Acne,Moisturizer,Anti-Aging Serum,Cetaphil,www.klikindomaret.com
Dry,Exfoliator,Rose Water Toner,Cetaphil,www.orami.co.id
Oily,Exfoliator,Hydrating Cream,Neutrogena,www.tokopedia.com
Dry,Moisturizer,Rose Water Toner,Cosrx,www.jd.id
Oily,Serum,Broad Spectrum SPF 50,Paula's Choice,www.blibli.com
Oily,Toner,Broad Spectrum SPF 50,Neutrogena,www.tokopedia.com
Dry,Serum,Clay Purifying Mask,Avene,www.klikindomaret.com
Acne,Cleanser,Soothing Toner,Neutrogena,www.shopee.co.id
Oily,Toner,Gentle Exfoliating Scrub,The Ordinary,www.sociolla.com
Oily,Sunscreen,Gentle Exfoliating Scrub,Laneige,www.lazada.co.id
Acne,Toner,Brightening Serum,La Roche-Posay,www.blibli.com
Oily,Mask,UV Defense Sunscreen,Laneige,www.klikindomaret.com
Oily,Toner,Acne Control Face Wash,CeraVe,www.sociolla.com
Dry,Exfoliator,Gentle Exfoliating Scrub,Kiehl's,www.blibli.com
Acne,Mask,Soothing Toner,Kiehl's,www.sociolla.com
Dry,Exfoliator,UV Defense Sunscreen,Kiehl's,www.tokopedia.com
Oily,Toner,Acne Control Face Wash,Cosrx,www.klikindomaret.com
Acne,Mask,Hydrating Cream,Eucerin,www.sephora.co.id
Oily,Moisturizer,Oil-Free Cleanser,Avene,www.sephora.co.id
Oily,Cleanser,Acne Control Face Wash,Kiehl's,www.shopee.co.id
Oily,Mask,Acne Control Face Wash,CeraVe,www.lazada.co.id
Acne,Moisturizer,Charcoal Detox Mask,Bioderma,www.blibli.com
Acne,Exfoliator,Anti-Aging Serum,Cetaphil,www.tokopedia.com
Acne,Moisturizer,Clay Purifying Mask,Neutrogena,www.sephora.co.id
Acne,Moisturizer,UV Defense Sunscreen,Kiehl's,www.blibli.com
Acne,Moisturizer,UV Defense Sunscreen,Avene,www.klikindomaret.com
Dry,Mask,Hyaluronic Acid Gel,Laneige,www.tokopedia.com
Dry,Sunscreen,UV Defense Sunscreen,Cetaphil,www.orami.co.id
Oily,Sunscreen,Clay Purifying Mask,Cosrx,www.sephora.co.id
Dry,Serum,Charcoal Detox Mask,Avene,www.tokopedia.com
Oily,Sunscreen,Hydrating Cream,La Roche-Posay,www.orami.co.id
Dry,Sunscreen,Hyaluronic Acid Gel,Kiehl's,www.shopee.co.id
Dry,Mask,Clay Purifying Mask,Laneige,www.klikindomaret.com
Dry,Serum,Hydrating Cream,Cetaphil,www.jd.id
Acne,Moisturizer,Peeling Solution,CeraVe,www.sociolla.com
Dry,Cleanser,Rose Water Toner,Eucerin,www.jd.id
Acne,Cleanser,Gentle Exfoliating Scrub,La Roche-Posay,www.sociolla.com
Oily,Serum,Brightening Serum,Paula's Choice,www.jd.id
Oily,Cleanser,Clay Purifying Mask,Eucerin,www.sociolla.com
Dry,Mask,Oil-Free Cleanser,Kiehl's,www.blibli.com
Dry,Exfoliator,Oil-Free Cleanser,CeraVe,www.sociolla.com
Acne,Toner,Hydrating Cream,Kiehl's,www.sephora.co.id
Dry,Sunscreen,UV Defense Sunscreen,La Roche-Posay,www.tokopedia.com
Acne,Exfoliator,Rose Water Toner,Cetaphil,www.lazada.co.id
Dry,Toner,UV Defense Sunscreen,Cetaphil,www.tokopedia.com
Acne,Toner,Oil-Free Cleanser,Paula's Choice,www.sociolla.com
Acne,Exfoliator,Broad Spectrum SPF 50,La Roche-Posay,www.lazada.co.id
Acne,Cleanser,Soothing Toner,Avene,www.orami.co.id
Oily,Sunscreen,Acne Control Face Wash,La Roche-Posay,www.klikindomaret.com
Acne,Serum,Clay Purifying Mask,Eucerin,www.sephora.co.id
Dry,Serum,Hydrating Cream,La Roche-Posay,www.blibli.com
Acne,Sunscreen,Hydrating Cream,Neutrogena,www.lazada.co.id
Oily,Serum,Anti-Aging Serum,Eucerin,www.orami.co.id
Dry,Serum,Charcoal Detox Mask,Eucerin,www.klikindomaret.com
Acne,Exfoliator,Hyaluronic Acid Gel,Paula's Choice,www.sephora.co.id
Acne,Cleanser,Broad Spectrum SPF 50,Cosrx,www.lazada.co.id
Oily,Exfoliator,Rose Water Toner,La Roche-Posay,www.sociolla.com
Oily,Cleanser,Gentle Exfoliating Scrub,Paula's Choice,www.lazada.co.id
Dry,Exfoliator,Acne Control Face Wash,Kiehl's,www.blibli.com
Acne,Sunscreen,Oil-Free Cleanser,Eucerin,www.shopee.co.id
Oily,Serum,Hyaluronic Acid Gel,Bioderma,www.lazada.co.id
Acne,Sunscreen,Charcoal Detox Mask,Avene,www.sociolla.com
Dry,Sunscreen,Brightening Serum,Eucerin,www.tokopedia.com
Oily,Toner,Rose Water Toner,CeraVe,www.tokopedia.com
Oily,Cleanser,Hyaluronic Acid Gel,Avene,www.shopee.co.id
Dry,Moisturizer,Clay Purifying Mask,CeraVe,www.shopee.co.id
Oily,Exfoliator,Soothing Toner,Cetaphil,www.orami.co.id
Dry,Toner,Acne Control Face Wash,CeraVe,www.orami.co.id
Oily,Sunscreen,Hyaluronic Acid Gel,Kiehl's,www.shopee.co.id
Acne,Cleanser,Oil-Free Cleanser,Avene,www.orami.co.id
Acne,Serum,Gentle Exfoliating Scrub,CeraVe,www.sociolla.com
Oily,Serum,Acne Control Face Wash,Laneige,www.sephora.co.id
Dry,Moisturizer,Charcoal Detox Mask,Neutrogena,www.orami.co.id
Acne,Toner,UV Defense Sunscreen,Paula's Choice,www.jd.id
Oily,Moisturizer,Oil-Free Cleanser,Bioderma,www.blibli.com
Oily,Toner,Anti-Aging Serum,Neutrogena,www.klikindomaret.com
Oily,Mask,Hydrating Cream,Cetaphil,www.jd.id
Oily,Sunscreen,Rose Water Toner,Eucerin,www.tokopedia.com
Acne,Toner,Gentle Exfoliating Scrub,Laneige,www.lazada.co.id
Acne,Mask,Clay Purifying Mask,Avene,www.jd.id
Dry,Mask,Rose Water Toner,Neutrogena,www.lazada.co.id
Oily,Moisturizer,Peeling Solution,Bioderma,www.jd.id
Oily,Exfoliator,Anti-Aging Serum,Avene,www.tokopedia.com
Dry,Toner,Hydrating Cream,Cetaphil,www.shopee.co.id
Dry,Serum,UV Defense Sunscreen,The Ordinary,www.sociolla.com
Oily,Moisturizer,Broad Spectrum SPF 50,Cosrx,www.sephora.co.id
Dry,Mask,Soothing Toner,CeraVe,www.lazada.co.id
Acne,Sunscreen,Peeling Solution,Bioderma,www.shopee.co.id
Acne,Exfoliator,Hyaluronic Acid Gel,Eucerin,www.klikindomaret.com
Oily,Mask,Gentle Exfoliating Scrub,Cetaphil,www.orami.co.id
Dry,Sunscreen,Soothing Toner,Kiehl's,www.sociolla.com
Dry,Sunscreen,UV Defense Sunscreen,Kiehl's,www.orami.co.id
Oily,Serum,Hydrating Cream,Paula's Choice,www.jd.id
Dry,Exfoliator,Hydrating Cream,Laneige,www.jd.id
Acne,Moisturizer,Brightening Serum,Neutrogena,www.sephora.co.id
Acne,Toner,Hydrating Cream,Neutrogena,www.klikindomaret.com
Dry,Sunscreen,Peeling Solution,Neutrogena,www.klikindomaret.com
Oily,Cleanser,Brightening Serum,Neutrogena,www.jd.id
Dry,Moisturizer,Soothing Toner,Paula's Choice,www.jd.id
Acne,Serum,Hyaluronic Acid Gel,Bioderma,www.orami.co.id
Dry,Sunscreen,Anti-Aging Serum,Bioderma,www.shopee.co.id
Dry,Moisturizer,Soothing Toner,Bioderma,www.sephora.co.id
Acne,Cleanser,Soothing Toner,Neutrogena,www.lazada.co.id
Dry,Cleanser,Rose Water Toner,Laneige,www.blibli.com
Acne,Moisturizer,Hydrating Cream,Paula's Choice,www.lazada.co.id
Oily,Exfoliator,Peeling Solution,Avene,www.sephora.co.id
Acne,Serum,Hyaluronic Acid Gel,The Ordinary,www.shopee.co.id
Oily,Cleanser,Brightening Serum,Avene,www.orami.co.id
Oily,Cleanser,Brightening Serum,Cosrx,www.shopee.co.id
Acne,Moisturizer,Brightening Serum,La Roche-Posay,www.shopee.co.id
Oily,Mask,Charcoal Detox Mask,Cetaphil,www.jd.id
Dry,Serum,Acne Control Face Wash,Kiehl's,www.tokopedia.com
Oily,Sunscreen,Charcoal Detox Mask,La Roche-Posay,www.klikindomaret.com
Dry,Moisturizer,Gentle Exfoliating Scrub,Paula's Choice,www.klikindomaret.com
Dry,Mask,Oil-Free Cleanser,Paula's Choice,www.orami.co.id
Dry,Serum,Oil-Free Cleanser,La Roche-Posay,www.blibli.com
Oily,Moisturizer,Broad Spectrum SPF 50,Bioderma,www.sociolla.com
Acne,Cleanser,Soothing Toner,Cosrx,www.blibli.com
Dry,Toner,Charcoal Detox Mask,Paula's Choice,www.jd.id
Oily,Sunscreen,UV Defense Sunscreen,Avene,www.tokopedia.com
Dry,Mask,Hyaluronic Acid Gel,Avene,www.jd.id
Dry,Serum,Charcoal Detox Mask,Paula's Choice,www.shopee.co.id
Acne,Mask,Brightening Serum,Paula's Choice,www.sociolla.com
Dry,Mask,Gentle Exfoliating Scrub,Cetaphil,www.blibli.com
Acne,Toner,Rose Water Toner,Cosrx,www.sephora.co.id
Dry,Moisturizer,Charcoal Detox Mask,Kiehl's,www.shopee.co.id
Oily,Toner,Brightening Serum,Kiehl's,www.lazada.co.id
Acne,Serum,Oil-Free Cleanser,Paula's Choice,www.orami.co.id
Dry,Sunscreen,Charcoal Detox Mask,Laneige,www.tokopedia.com
Oily,Cleanser,Peeling Solution,Paula's Choice,www.tokopedia.com
Acne,Mask,Charcoal Detox Mask,Bioderma,www.sociolla.com
Dry,Serum,UV Defense Sunscreen,La Roche-Posay,www.orami.co.id
Dry,Moisturizer,Hyaluronic Acid Gel,Cetaphil,www.tokopedia.com
Dry,Cleanser,UV Defense Sunscreen,CeraVe,www.sephora.co.id
Dry,Serum,Rose Water Toner,CeraVe,www.lazada.co.id
Dry,Exfoliator,Peeling Solution,Laneige,www.klikindomaret.com
Oily,Sunscreen,Hyaluronic Acid Gel,La Roche-Posay,www.tokopedia.com
Dry,Serum,Soothing Toner,Kiehl's,www.sociolla.com
Dry,Serum,Gentle Exfoliating Scrub,Laneige,www.sociolla.com
Dry,Mask,Soothing Toner,Avene,www.klikindomaret.com
Dry,Cleanser,Hyaluronic Acid Gel,Cetaphil,www.blibli.com
Acne,Sunscreen,Broad Spectrum SPF 50,Neutrogena,www.sociolla.com
Acne,Exfoliator,Hydrating Cream,The Ordinary,www.tokopedia.com
Dry,Toner,Gentle Exfoliating Scrub,Bioderma,www.sociolla.com
Acne,Exfoliator,Peeling Solution,Cetaphil,www.lazada.co.id
Acne,Sunscreen,UV Defense Sunscreen,Cosrx,www.shopee.co.id
Acne,Mask,Charcoal Detox Mask,Paula's Choice,www.klikindomaret.com
Oily,Exfoliator,Hyaluronic Acid Gel,The Ordinary,www.orami.co.id
Oily,Exfoliator,Rose Water Toner,Eucerin,www.blibli.com
Dry,Mask,Acne Control Face Wash,Laneige,www.jd.id
Acne,Cleanser,Charcoal Detox Mask,Laneige,www.klikindomaret.com
Acne,Toner,Clay Purifying Mask,The Ordinary,www.klikindomaret.com
Acne,Sunscreen,Oil-Free Cleanser,Paula's Choice,www.blibli.com
Oily,Serum,Soothing Toner,Bioderma,www.sephora.co.id
Acne,Moisturizer,Broad Spectrum SPF 50,The Ordinary,www.jd.id
Dry,Serum,Acne Control Face Wash,Cosrx,www.orami.co.id
Dry,Sunscreen,Hydrating Cream,Paula's Choice,www.sephora.co.id
Oily,Mask,Soothing Toner,Bioderma,www.jd.id
Oily,Moisturizer,UV Defense Sunscreen,Neutrogena,www.sociolla.com
Oily,Mask,Anti-Aging Serum,Bioderma,www.blibli.com
Acne,Moisturizer,UV Defense Sunscreen,Laneige,www.jd.id
Acne,Cleanser,Broad Spectrum SPF 50,Bioderma,www.klikindomaret.com
Oily,Mask,Gentle Exfoliating Scrub,La Roche-Posay,www.klikindomaret.com
Dry,Moisturizer,Peeling Solution,Paula's Choice,www.lazada.co.id
Oily,Mask,Anti-Aging Serum,Neutrogena,www.jd.id
Acne,Mask,Brightening Serum,Neutrogena,www.orami.co.id
Acne,Serum,Peeling Solution,Paula's Choice,www.sephora.co.id
Dry,Serum,Charcoal Detox Mask,The Ordinary,www.sephora.co.id
Dry,Exfoliator,Oil-Free Cleanser,Avene,www.shopee.co.id
Dry,Toner,Gentle Exfoliating Scrub,La Roche-Posay,www.sephora.co.id
Acne,Serum,Gentle Exfoliating Scrub,Paula's Choice,www.tokopedia.com
Dry,Moisturizer,Charcoal Detox Mask,Paula's Choice,www.lazada.co.id
Oily,Exfoliator,Gentle Exfoliating Scrub,Bioderma,www.tokopedia.com
Dry,Cleanser,Rose Water Toner,Cetaphil,www.blibli.com
Acne,Serum,Charcoal Detox Mask,La Roche-Posay,www.klikindomaret.com
Oily,Sunscreen,Gentle Exfoliating Scrub,Eucerin,www.orami.co.id
Dry,Cleanser,UV Defense Sunscreen,Cetaphil,www.sociolla.com
Oily,Moisturizer,Soothing Toner,Bioderma,www.orami.co.id
Dry,Mask,Acne Control Face Wash,Cetaphil,www.sephora.co.id
Oily,Sunscreen,Oil-Free Cleanser,Bioderma,www.blibli.com
Oily,Toner,Hyaluronic Acid Gel,The Ordinary,www.lazada.co.id
Acne,Serum,Gentle Exfoliating Scrub,Laneige,www.tokopedia.com
Dry,Moisturizer,Gentle Exfoliating Scrub,La Roche-Posay,www.tokopedia.com
Acne,Sunscreen,Hydrating Cream,Laneige,www.tokopedia.com
Oily,Toner,Brightening Serum,The Ordinary,www.sephora.co.id
Dry,Sunscreen,Hydrating Cream,Eucerin,www.tokopedia.com
Oily,Exfoliator,Peeling Solution,Avene,www.jd.id
Dry,Exfoliator,UV Defense Sunscreen,Kiehl's,www.jd.id
Dry,Serum,Charcoal Detox Mask,The Ordinary,www.klikindomaret.com
Dry,Exfoliator,Clay Purifying Mask,The Ordinary,www.sociolla.com
Dry,Sunscreen,Charcoal Detox Mask,La Roche-Posay,www.jd.id
Acne,Toner,Clay Purifying Mask,La Roche-Posay,www.lazada.co.id
Acne,Moisturizer,Anti-Aging Serum,Paula's Choice,www.blibli.com
Acne,Moisturizer,Broad Spectrum SPF 50,Paula's Choice,www.blibli.com
Dry,Sunscreen,Oil-Free Cleanser,The Ordinary,www.lazada.co.id
Dry,Serum,Hyaluronic Acid Gel,CeraVe,www.klikindomaret.com
Acne,Sunscreen,Rose Water Toner,Bioderma,www.blibli.com
Acne,Serum,Rose Water Toner,Cetaphil,www.blibli.com
Oily,Toner,Clay Purifying Mask,Kiehl's,www.orami.co.id
Dry,Sunscreen,Hyaluronic Acid Gel,Paula's Choice,www.orami.co.id
Acne,Mask,Soothing Toner,La Roche-Posay,www.lazada.co.id
Oily,Toner,Anti-Aging Serum,Eucerin,www.lazada.co.id
Acne,Serum,Acne Control Face Wash,Cosrx,www.shopee.co.id
Oily,Moisturizer,Hyaluronic Acid Gel,Cosrx,www.klikindomaret.com
Oily,Toner,Charcoal Detox Mask,Cetaphil,www.tokopedia.com
Dry,Mask,Hydrating Cream,Laneige,www.jd.id
Acne,Toner,Acne Control Face Wash,Cetaphil,www.sociolla.com
Acne,Cleanser,Rose Water Toner,Cosrx,www.sociolla.com
Dry,Cleanser,Charcoal Detox Mask,Cosrx,www.klikindomaret.com
Oily,Exfoliator,Clay Purifying Mask,Paula's Choice,www.tokopedia.com
Dry,Serum,Oil-Free Cleanser,Eucerin,www.jd.id
Oily,Serum,Soothing Toner,Neutrogena,www.klikindomaret.com
Acne,Serum,Brightening Serum,Cetaphil,www.sociolla.com
Acne,Moisturizer,Gentle Exfoliating Scrub,CeraVe,www.sephora.co.id
Acne,Sunscreen,Gentle Exfoliating Scrub,Avene,www.blibli.com
Oily,Sunscreen,Oil-Free Cleanser,Laneige,www.sephora.co.id
Dry,Serum,Soothing Toner,Avene,www.blibli.com
Acne,Toner,Oil-Free Cleanser,Cosrx,www.orami.co.id
Oily,Toner,Charcoal Detox Mask,Cosrx,www.shopee.co.id
Oily,Sunscreen,Rose Water Toner,Paula's Choice,www.shopee.co.id
Dry,Serum,UV Defense Sunscreen,The Ordinary,www.blibli.com
Dry,Exfoliator,Anti-Aging Serum,Bioderma,www.blibli.com
Dry,Serum,Anti-Aging Serum,The Ordinary,www.orami.co.id
Oily,Serum,Brightening Serum,Neutrogena,www.sephora.co.id
Oily,Serum,Anti-Aging Serum,Cosrx,www.jd.id
Oily,Toner,Acne Control Face Wash,Bioderma,www.jd.id
Acne,Serum,Charcoal Detox Mask,Neutrogena,www.klikindomaret.com
Dry,Toner,Gentle Exfoliating Scrub,CeraVe,www.jd.id
Dry,Sunscreen,Broad Spectrum SPF 50,Paula's Choice,www.sephora.co.id
Oily,Serum,Peeling Solution,Laneige,www.klikindomaret.com
Dry,Toner,Peeling Solution,Eucerin,www.shopee.co.id
Dry,Cleanser,Hydrating Cream,Bioderma,www.klikindomaret.com
Dry,Toner,Oil-Free Cleanser,Cosrx,www.lazada.co.id
Dry,Cleanser,Hyaluronic Acid Gel,Paula's Choice,www.shopee.co.id
Dry,Moisturizer,Brightening Serum,Neutrogena,www.orami.co.id
Acne,Sunscreen,Rose Water Toner,Bioderma,www.orami.co.id
Oily,Moisturizer,Oil-Free Cleanser,CeraVe,www.orami.co.id
Dry,Cleanser,Hyaluronic Acid Gel,Kiehl's,www.blibli.com
Oily,Toner,Acne Control Face Wash,Kiehl's,www.blibli.com
Acne,Toner,Gentle Exfoliating Scrub,Neutrogena,www.klikindomaret.com
Acne,Exfoliator,Charcoal Detox Mask,Cetaphil,www.shopee.co.id
Oily,Toner,Peeling Solution,Neutrogena,www.lazada.co.id
Dry,Serum,Rose Water Toner,The Ordinary,www.klikindomaret.com
Dry,Exfoliator,Oil-Free Cleanser,The Ordinary,www.sociolla.com
Dry,Moisturizer,Clay Purifying Mask,Bioderma,www.lazada.co.id
Oily,Toner,Gentle Exfoliating Scrub,Laneige,www.shopee.co.id
Dry,Cleanser,Peeling Solution,The Ordinary,www.blibli.com
Oily,Moisturizer,Acne Control Face Wash,Kiehl's,www.orami.co.id
Acne,Exfoliator,Hydrating Cream,Eucerin,www.sephora.co.id
Oily,Exfoliator,Oil-Free Cleanser,Laneige,www.shopee.co.id
Oily,Sunscreen,Clay Purifying Mask,Neutrogena,www.lazada.co.id
Acne,Toner,Rose Water Toner,Avene,www.klikindomaret.com
Acne,Mask,Clay Purifying Mask,Laneige,www.orami.co.id
Dry,Cleanser,Brightening Serum,Laneige,www.lazada.co.id
Dry,Sunscreen,UV Defense Sunscreen,Cosrx,www.jd.id
Dry,Cleanser,Charcoal Detox Mask,Neutrogena,www.sephora.co.id
Oily,Toner,Anti-Aging Serum,Eucerin,www.tokopedia.com
Dry,Serum,Hyaluronic Acid Gel,Eucerin,www.lazada.co.id
Acne,Sunscreen,Oil-Free Cleanser,Avene,www.blibli.com
Oily,Serum,Rose Water Toner,Cetaphil,www.blibli.com
Acne,Moisturizer,Broad Spectrum SPF 50,Neutrogena,www.lazada.co.id
Acne,Mask,Clay Purifying Mask,Paula's Choice,www.orami.co.id
Acne,Exfoliator,Soothing Toner,Cetaphil,www.orami.co.id
Dry,Exfoliator,Oil-Free Cleanser,CeraVe,www.lazada.co.id
Dry,Cleanser,Rose Water Toner,Bioderma,www.lazada.co.id
Oily,Mask,Charcoal Detox Mask,Avene,www.shopee.co.id
Dry,Exfoliator,Acne Control Face Wash,Kiehl's,www.sociolla.com
Oily,Exfoliator,Anti-Aging Serum,Cosrx,www.shopee.co.id
Oily,Toner,Charcoal Detox Mask,Neutrogena,www.klikindomaret.com
Acne,Serum,Gentle Exfoliating Scrub,Avene,www.sociolla.com
Acne,Toner,UV Defense Sunscreen,Laneige,www.shopee.co.id
Oily,Toner,Peeling Solution,Laneige,www.shopee.co.id
Acne,Toner,Anti-Aging Serum,Cosrx,www.lazada.co.id
Acne,Serum,Hyaluronic Acid Gel,Avene,www.lazada.co.id
Oily,Moisturizer,Oil-Free Cleanser,Bioderma,www.klikindomaret.com
Oily,Serum,Charcoal Detox Mask,Paula's Choice,www.blibli.com
Oily,Exfoliator,Anti-Aging Serum,Laneige,www.tokopedia.com
Oily,Sunscreen,Broad Spectrum SPF 50,CeraVe,www.sephora.co.id
Dry,Cleanser,Brightening Serum,Cetaphil,www.sephora.co.id
Acne,Cleanser,Acne Control Face Wash,Cetaphil,www.lazada.co.id
Oily,Toner,Rose Water Toner,Cosrx,www.tokopedia.com
Dry,Mask,Hyaluronic Acid Gel,Laneige,www.lazada.co.id
Acne,Toner,Brightening Serum,Kiehl's,www.shopee.co.id
Acne,Sunscreen,Anti-Aging Serum,Cosrx,www.tokopedia.com
Acne,Serum,Clay Purifying Mask,Kiehl's,www.blibli.com
Dry,Mask,Clay Purifying Mask,Cetaphil,www.tokopedia.com
Oily,Sunscreen,Rose Water Toner,Paula's Choice,www.klikindomaret.com
Dry,Moisturizer,Acne Control Face Wash,The Ordinary,www.sephora.co.id
Dry,Mask,Broad Spectrum SPF 50,Paula's Choice,www.blibli.com
Oily,Mask,Oil-Free Cleanser,Cosrx,www.blibli.com
Acne,Toner,Rose Water Toner,Kiehl's,www.blibli.com
Dry,Exfoliator,Charcoal Detox Mask,Kiehl's,www.orami.co.id
Acne,Mask,Hydrating Cream,Cetaphil,www.sephora.co.id
Acne,Moisturizer,Soothing Toner,Neutrogena,www.blibli.com
Dry,Sunscreen,Clay Purifying Mask,Eucerin,www.klikindomaret.com
Dry,Exfoliator,Hydrating Cream,Neutrogena,www.shopee.co.id
Dry,Mask,Anti-Aging Serum,Cetaphil,www.shopee.co.id
Oily,Sunscreen,Soothing Toner,Avene,www.shopee.co.id
Oily,Mask,Hydrating Cream,Neutrogena,www.klikindomaret.com
Acne,Cleanser,Brightening Serum,Eucerin,www.lazada.co.id
Acne,Moisturizer,Oil-Free Cleanser,Neutrogena,www.shopee.co.id
Dry,Serum,Hyaluronic Acid Gel,Laneige,www.lazada.co.id
Acne,Moisturizer,Charcoal Detox Mask,CeraVe,www.klikindomaret.com
Oily,Moisturizer,Clay Purifying Mask,Eucerin,www.sephora.co.id
Dry,Mask,UV Defense Sunscreen,Eucerin,www.sephora.co.id
Oily,Cleanser,Gentle Exfoliating Scrub,Eucerin,www.lazada.co.id
Dry,Exfoliator,Hydrating Cream,CeraVe,www.tokopedia.com
Acne,Sunscreen,Hydrating Cream,Cetaphil,www.shopee.co.id
Dry,Cleanser,Acne Control Face Wash,Neutrogena,www.shopee.co.id
Dry,Mask,Clay Purifying Mask,Neutrogena,www.klikindomaret.com
Oily,Toner,Anti-Aging Serum,Kiehl's,www.jd.id
Acne,Sunscreen,Acne Control Face Wash,Avene,www.sociolla.com
Acne,Moisturizer,Brightening Serum,Laneige,www.klikindomaret.com
Oily,Mask,Hyaluronic Acid Gel,Cosrx,www.lazada.co.id
Oily,Toner,Brightening Serum,Paula's Choice,www.sociolla.com
Dry,Mask,Gentle Exfoliating Scrub,Bioderma,www.jd.id
Acne,Sunscreen,Hydrating Cream,The Ordinary,www.sephora.co.id
Dry,Sunscreen,Oil-Free Cleanser,Bioderma,www.blibli.com
Acne,Serum,Oil-Free Cleanser,Laneige,www.shopee.co.id
Acne,Toner,Clay Purifying Mask,La Roche-Posay,www.blibli.com
Dry,Sunscreen,Soothing Toner,Neutrogena,www.sociolla.com
Acne,Serum,Acne Control Face Wash,La Roche-Posay,www.sephora.co.id
Oily,Toner,Soothing Toner,Avene,www.tokopedia.com
Oily,Sunscreen,Gentle Exfoliating Scrub,Laneige,www.orami.co.id
Acne,Toner,UV Defense Sunscreen,Cetaphil,www.sociolla.com
Oily,Sunscreen,UV Defense Sunscreen,Laneige,www.sociolla.com
Acne,Cleanser,Hydrating Cream,Avene,www.lazada.co.id
Oily,Mask,Hydrating Cream,La Roche-Posay,www.tokopedia.com
Acne,Exfoliator,Brightening Serum,Kiehl's,www.orami.co.id
Acne,Exfoliator,Rose Water Toner,Avene,www.shopee.co.id
Dry,Mask,Acne Control Face Wash,Paula's Choice,www.sephora.co.id
Dry,Cleanser,Hydrating Cream,Paula's Choice,www.orami.co.id
Oily,Moisturizer,UV Defense Sunscreen,Neutrogena,www.blibli.com
Oily,Sunscreen,Hyaluronic Acid Gel,Laneige,www.orami.co.id
Acne,Serum,Soothing Toner,La Roche-Posay,www.tokopedia.com
Acne,Sunscreen,UV Defense Sunscreen,CeraVe,www.lazada.co.id
Acne,Moisturizer,UV Defense Sunscreen,Kiehl's,www.orami.co.id
Oily,Serum,Peeling Solution,CeraVe,www.klikindomaret.com
Acne,Exfoliator,Acne Control Face Wash,Neutrogena,www.orami.co.id
Acne,Cleanser,Hydrating Cream,Laneige,www.jd.id
Oily,Moisturizer,Anti-Aging Serum,Avene,www.tokopedia.com
Acne,Cleanser,Hyaluronic Acid Gel,The Ordinary,www.orami.co.id
Dry,Cleanser,Charcoal Detox Mask,La Roche-Posay,www.blibli.com
Acne,Toner,Hyaluronic Acid Gel,Paula's Choice,www.shopee.co.id
Dry,Cleanser,Gentle Exfoliating Scrub,La Roche-Posay,www.blibli.com
Dry,Serum,Peeling Solution,La Roche-Posay,www.blibli.com
Dry,Sunscreen,Hydrating Cream,Cosrx,www.lazada.co.id
Oily,Sunscreen,Peeling Solution,Avene,www.lazada.co.id
Oily,Moisturizer,Charcoal Detox Mask,CeraVe,www.klikindomaret.com
Dry,Mask,Broad Spectrum SPF 50,Eucerin,www.sociolla.com
Oily,Sunscreen,UV Defense Sunscreen,Neutrogena,www.jd.id
Oily,Toner,Acne Control Face Wash,The Ordinary,www.tokopedia.com
Dry,Mask,Peeling Solution,Avene,www.jd.id
Dry,Cleanser,Anti-Aging Serum,The Ordinary,www.tokopedia.com
Oily,Toner,UV Defense Sunscreen,Paula's Choice,www.sociolla.com
Dry,Mask,Clay Purifying Mask,The Ordinary,www.shopee.co.id
Acne,Exfoliator,Hydrating Cream,Laneige,www.orami.co.id
Acne,Serum,Broad Spectrum SPF 50,Cosrx,www.blibli.com
Dry,Sunscreen,Charcoal Detox Mask,Paula's Choice,www.sociolla.com
Oily,Serum,Rose Water Toner,CeraVe,www.sephora.co.id
Acne,Sunscreen,Rose Water Toner,Eucerin,www.orami.co.id
Acne,Cleanser,Broad Spectrum SPF 50,Laneige,www.sephora.co.id
Dry,Cleanser,Broad Spectrum SPF 50,Neutrogena,www.shopee.co.id
Acne,Cleanser,UV Defense Sunscreen,La Roche-Posay,www.sephora.co.id
Dry,Exfoliator,Brightening Serum,CeraVe,www.shopee.co.id
Acne,Serum,Hyaluronic Acid Gel,The Ordinary,www.jd.id
Dry,Exfoliator,Hyaluronic Acid Gel,Paula's Choice,www.lazada.co.id
Dry,Cleanser,Clay Purifying Mask,Neutrogena,www.lazada.co.id
Dry,Serum,Gentle Exfoliating Scrub,CeraVe,www.orami.co.id
Dry,Moisturizer,Oil-Free Cleanser,Neutrogena,www.sociolla.com
Dry,Exfoliator,Charcoal Detox Mask,Kiehl's,www.lazada.co.id
Dry,Serum,UV Defense Sunscreen,Bioderma,www.orami.co.id
Oily,Cleanser,UV Defense Sunscreen,Kiehl's,www.sephora.co.id
Acne,Serum,Brightening Serum,Neutrogena,www.shopee.co.id
Oily,Serum,Charcoal Detox Mask,Kiehl's,www.jd.id
Acne,Toner,Acne Control Face Wash,Laneige,www.shopee.co.id
Acne,Sunscreen,Hydrating Cream,Cetaphil,www.jd.id
Dry,Sunscreen,Soothing Toner,Cosrx,www.shopee.co.id
Oily,Toner,Rose Water Toner,Paula's Choice,www.sociolla.com
Acne,Serum,Peeling Solution,Bioderma,www.tokopedia.com
Acne,Serum,Oil-Free Cleanser,La Roche-Posay,www.tokopedia.com
Acne,Moisturizer,Peeling Solution,The Ordinary,www.orami.co.id
Dry,Sunscreen,Rose Water Toner,La Roche-Posay,www.lazada.co.id
Oily,Toner,Rose Water Toner,The Ordinary,www.tokopedia.com
Oily,Serum,Soothing Toner,Cosrx,www.lazada.co.id
Oily,Toner,Oil-Free Cleanser,Neutrogena,www.jd.id
Oily,Mask,Clay Purifying Mask,Bioderma,www.tokopedia.com
Dry,Moisturizer,Broad Spectrum SPF 50,The Ordinary,www.blibli.com
Dry,Cleanser,Charcoal Detox Mask,CeraVe,www.orami.co.id
Oily,Toner,Broad Spectrum SPF 50,CeraVe,www.orami.co.id
Oily,Moisturizer,Brightening Serum,Bioderma,www.lazada.co.id
Dry,Toner,Soothing Toner,Neutrogena,www.sociolla.com
Dry,Serum,UV Defense Sunscreen,Avene,www.shopee.co.id
Dry,Exfoliator,Broad Spectrum SPF 50,Kiehl's,www.sephora.co.id
Oily,Serum,Rose Water Toner,Avene,www.shopee.co.id
Dry,Sunscreen,UV Defense Sunscreen,The Ordinary,www.sociolla.com
Dry,Toner,Oil-Free Cleanser,Neutrogena,www.orami.co.id
Acne,Moisturizer,Broad Spectrum SPF 50,Avene,www.klikindomaret.com
Acne,Exfoliator,Anti-Aging Serum,CeraVe,www.blibli.com
Acne,Exfoliator,Gentle Exfoliating Scrub,Bioderma,www.tokopedia.com
Oily,Toner,Charcoal Detox Mask,Cosrx,www.orami.co.id
Oily,Sunscreen,Soothing Toner,Paula's Choice,www.lazada.co.id
Oily,Moisturizer,Anti-Aging Serum,Cosrx,www.lazada.co.id
Oily,Serum,Anti-Aging Serum,The Ordinary,www.lazada.co.id
Oily,Serum,UV Defense Sunscreen,The Ordinary,www.lazada.co.id
Dry,Mask,Brightening Serum,Laneige,www.sociolla.com
Dry,Toner,Broad Spectrum SPF 50,Neutrogena,www.tokopedia.com
Dry,Moisturizer,Peeling Solution,Eucerin,www.blibli.com
Oily,Cleanser,Gentle Exfoliating Scrub,Neutrogena,www.klikindomaret.com
Oily,Cleanser,Gentle Exfoliating Scrub,The Ordinary,www.sociolla.com
Oily,Serum,Peeling Solution,Paula's Choice,www.sephora.co.id
Oily,Toner,Hyaluronic Acid Gel,Avene,www.orami.co.id
Oily,Exfoliator,UV Defense Sunscreen,Cosrx,www.tokopedia.com
Oily,Exfoliator,Peeling Solution,Neutrogena,www.shopee.co.id
Dry,Cleanser,Charcoal Detox Mask,Cetaphil,www.klikindomaret.com
Acne,Serum,Gentle Exfoliating Scrub,Laneige,www.blibli.com
Oily,Moisturizer,Rose Water Toner,The Ordinary,www.shopee.co.id
Oily,Sunscreen,Rose Water Toner,Laneige,www.orami.co.id
Oily,Toner,UV Defense Sunscreen,Kiehl's,www.shopee.co.id
Oily,Serum,Rose Water Toner,Kiehl's,www.blibli.com
Acne,Mask,Hydrating Cream,La Roche-Posay,www.sephora.co.id
Acne,Sunscreen,Hyaluronic Acid Gel,Eucerin,www.lazada.co.id
Dry,Toner,Oil-Free Cleanser,Neutrogena,www.tokopedia.com
Dry,Mask,UV Defense Sunscreen,The Ordinary,www.sephora.co.id
Oily,Cleanser,Clay Purifying Mask,CeraVe,www.blibli.com
Dry,Sunscreen,Rose Water Toner,Avene,www.sephora.co.id
Oily,Moisturizer,Hyaluronic Acid Gel,Neutrogena,www.klikindomaret.com
Dry,Sunscreen,Anti-Aging Serum,Kiehl's,www.sephora.co.id
Acne,Serum,Charcoal Detox Mask,Avene,www.jd.id
Dry,Exfoliator,Charcoal Detox Mask,La Roche-Posay,www.tokopedia.com
Acne,Cleanser,Hyaluronic Acid Gel,Bioderma,www.blibli.com
Oily,Serum,Peeling Solution,Bioderma,www.lazada.co.id
Dry,Exfoliator,Peeling Solution,La Roche-Posay,www.sociolla.com
Oily,Exfoliator,Hydrating Cream,CeraVe,www.sephora.co.id
Dry,Cleanser,Brightening Serum,Paula's Choice,www.tokopedia.com
Dry,Mask,Charcoal Detox Mask,Paula's Choice,www.klikindomaret.com
Acne,Serum,Broad Spectrum SPF 50,Kiehl's,www.blibli.com
Dry,Serum,Rose Water Toner,CeraVe,www.klikindomaret.com
Acne,Moisturizer,Oil-Free Cleanser,La Roche-Posay,www.jd.id
Oily,Toner,Hyaluronic Acid Gel,CeraVe,www.shopee.co.id
Oily,Mask,Charcoal Detox Mask,Avene,www.jd.id
Oily,Moisturizer,Broad Spectrum SPF 50,Neutrogena,www.sephora.co.id
Dry,Moisturizer,Brightening Serum,Avene,www.jd.id
Dry,Mask,Anti-Aging Serum,CeraVe,www.sephora.co.id
Acne,Serum,Soothing Toner,Kiehl's,www.tokopedia.com
Oily,Cleanser,Peeling Solution,Cetaphil,www.sephora.co.id
Dry,Moisturizer,UV Defense Sunscreen,Cosrx,www.sephora.co.id
Acne,Exfoliator,Anti-Aging Serum,Cosrx,www.shopee.co.id
Oily,Exfoliator,Acne Control Face Wash,Kiehl's,www.lazada.co.id
Oily,Exfoliator,Hyaluronic Acid Gel,Eucerin,www.jd.id
Oily,Moisturizer,Acne Control Face Wash,Cetaphil,www.lazada.co.id
Dry,Cleanser,Broad Spectrum SPF 50,Cetaphil,www.lazada.co.id
Dry,Mask,UV Defense Sunscreen,Avene,www.jd.id
Oily,Serum,Clay Purifying Mask,La Roche-Posay,www.sociolla.com
Dry,Exfoliator,Oil-Free Cleanser,Paula's Choice,www.sociolla.com
Oily,Sunscreen,Gentle Exfoliating Scrub,Cosrx,www.sociolla.com
Dry,Mask,Rose Water Toner,Cetaphil,www.jd.id
Dry,Toner,Soothing Toner,Paula's Choice,www.lazada.co.id
Dry,Exfoliator,Soothing Toner,La Roche-Posay,www.klikindomaret.com
Dry,Exfoliator,Oil-Free Cleanser,CeraVe,www.tokopedia.com
Oily,Serum,Broad Spectrum SPF 50,Laneige,www.jd.id
Oily,Exfoliator,Peeling Solution,Paula's Choice,www.klikindomaret.com
Acne,Sunscreen,Charcoal Detox Mask,Eucerin,www.lazada.co.id
Dry,Serum,Brightening Serum,Cetaphil,www.orami.co.id
Oily,Cleanser,Hyaluronic Acid Gel,Cetaphil,www.sociolla.com
Oily,Exfoliator,Hydrating Cream,La Roche-Posay,www.sociolla.com
Acne,Sunscreen,Rose Water Toner,Avene,www.orami.co.id
Oily,Cleanser,Brightening Serum,Paula's Choice,www.tokopedia.com
Oily,Cleanser,Gentle Exfoliating Scrub,Laneige,www.jd.id
Acne,Exfoliator,Peeling Solution,The Ordinary,www.klikindomaret.com
Oily,Sunscreen,Hyaluronic Acid Gel,Avene,www.shopee.co.id
Acne,Cleanser,Charcoal Detox Mask,Paula's Choice,www.tokopedia.com
Oily,Cleanser,Hyaluronic Acid Gel,The Ordinary,www.sociolla.com
Oily,Mask,Charcoal Detox Mask,Cosrx,www.lazada.co.id
Acne,Moisturizer,Rose Water Toner,Neutrogena,www.jd.id
Acne,Mask,Hyaluronic Acid Gel,Kiehl's,www.klikindomaret.com
Acne,Toner,Soothing Toner,Paula's Choice,www.shopee.co.id
Dry,Sunscreen,Brightening Serum,Laneige,www.klikindomaret.com
Acne,Sunscreen,Peeling Solution,The Ordinary,www.shopee.co.id
Acne,Moisturizer,Clay Purifying Mask,Bioderma,www.lazada.co.id
Acne,Moisturizer,Gentle Exfoliating Scrub,Kiehl's,www.orami.co.id
Acne,Cleanser,Anti-Aging Serum,CeraVe,www.shopee.co.id
Acne,Sunscreen,Charcoal Detox Mask,La Roche-Posay,www.tokopedia.com
Dry,Cleanser,Broad Spectrum SPF 50,The Ordinary,www.blibli.com
Acne,Moisturizer,UV Defense Sunscreen,Eucerin,www.orami.co.id
Acne,Exfoliator,Broad Spectrum SPF 50,Laneige,www.tokopedia.com
Acne,Mask,Hyaluronic Acid Gel,Avene,www.sociolla.com
Acne,Cleanser,Anti-Aging Serum,CeraVe,www.sociolla.com
Acne,Exfoliator,Hydrating Cream,Eucerin,www.lazada.co.id
Oily,Cleanser,UV Defense Sunscreen,La Roche-Posay,www.tokopedia.com
Dry,Sunscreen,Brightening Serum,Kiehl's,www.klikindomaret.com
Oily,Mask,Brightening Serum,La Roche-Posay,www.sociolla.com
Dry,Serum,Oil-Free Cleanser,Laneige,www.orami.co.id
Dry,Cleanser,Clay Purifying Mask,Laneige,www.tokopedia.com
Acne,Sunscreen,UV Defense Sunscreen,Paula's Choice,www.orami.co.id
Dry,Moisturizer,Gentle Exfoliating Scrub,Eucerin,www.orami.co.id
Dry,Mask,Broad Spectrum SPF 50,Cetaphil,www.jd.id
Oily,Mask,Brightening Serum,Cetaphil,www.orami.co.id
Acne,Exfoliator,Anti-Aging Serum,CeraVe,www.orami.co.id
Dry,Mask,Broad Spectrum SPF 50,Eucerin,www.lazada.co.id
Oily,Serum,Oil-Free Cleanser,La Roche-Posay,www.tokopedia.com
Dry,Mask,Clay Purifying Mask,La Roche-Posay,www.shopee.co.id
Dry,Sunscreen,Clay Purifying Mask,La Roche-Posay,www.sephora.co.id
Dry,Sunscreen,Broad Spectrum SPF 50,Avene,www.orami.co.id
Acne,Serum,Gentle Exfoliating Scrub,Eucerin,www.sociolla.com
Acne,Mask,Gentle Exfoliating Scrub,Laneige,www.blibli.com
Oily,Toner,Brightening Serum,Laneige,www.sephora.co.id
Dry,Serum,Brightening Serum,The Ordinary,www.orami.co.id
Acne,Sunscreen,Anti-Aging Serum,Paula's Choice,www.tokopedia.com
Dry,Mask,Charcoal Detox Mask,Laneige,www.blibli.com
Dry,Serum,Brightening Serum,Avene,www.orami.co.id
Oily,Moisturizer,Brightening Serum,Laneige,www.blibli.com
Dry,Cleanser,Peeling Solution,Neutrogena,www.blibli.com
Oily,Exfoliator,Anti-Aging Serum,CeraVe,www.blibli.com
Dry,Cleanser,Hydrating Cream,Neutrogena,www.lazada.co.id
Acne,Exfoliator,UV Defense Sunscreen,CeraVe,www.jd.id
Acne,Serum,Clay Purifying Mask,Paula's Choice,www.klikindomaret.com
Acne,Mask,Hydrating Cream,La Roche-Posay,www.tokopedia.com
Dry,Moisturizer,Charcoal Detox Mask,Kiehl's,www.tokopedia.com
Oily,Sunscreen,UV Defense Sunscreen,Paula's Choice,www.blibli.com
Oily,Sunscreen,Hydrating Cream,The Ordinary,www.orami.co.id
Acne,Sunscreen,Acne Control Face Wash,Laneige,www.tokopedia.com
Dry,Sunscreen,Soothing Toner,Cetaphil,www.blibli.com
Oily,Moisturizer,Soothing Toner,Laneige,www.tokopedia.com
Acne,Serum,UV Defense Sunscreen,Avene,www.blibli.com
Dry,Exfoliator,Oil-Free Cleanser,La Roche-Posay,www.jd.id
Dry,Moisturizer,Anti-Aging Serum,Paula's Choice,www.sociolla.com
Oily,Exfoliator,Anti-Aging Serum,Kiehl's,www.klikindomaret.com
Acne,Cleanser,Charcoal Detox Mask,Kiehl's,www.jd.id
Dry,Sunscreen,Anti-Aging Serum,CeraVe,www.klikindomaret.com
Acne,Serum,Brightening Serum,Laneige,www.shopee.co.id
Acne,Toner,Gentle Exfoliating Scrub,Cetaphil,www.klikindomaret.com
Oily,Sunscreen,Hyaluronic Acid Gel,Bioderma,www.orami.co.id
Acne,Cleanser,Anti-Aging Serum,Avene,www.lazada.co.id
Oily,Sunscreen,UV Defense Sunscreen,Cosrx,www.jd.id
Dry,Cleanser,Hyaluronic Acid Gel,Avene,www.klikindomaret.com
